{"cameraMode":{"drawMode":0,"name":"Shaded","section":"Shading Mode"},"sceneLighting":false,"audioPlay":false,"sceneViewState":{"showFog":true,"showMaterialUpdate":false,"showSkybox":false,"showFlares":true,"showImageEffects":true,"showParticleSystems":true},"in2DMode":false,"pivot":{"x":4.18540096282959,"y":99.90786743164063,"z":188.25112915039063},"rotation":{"x":-0.040508341044187549,"y":-0.12145663052797318,"z":0.004881019238382578,"w":-0.9918060302734375},"size":9.417069435119629,"orthographic":false}