{"cameraMode":{"drawMode":0,"name":"Shaded","section":"Shading Mode"},"sceneLighting":false,"audioPlay":false,"sceneViewState":{"showFog":true,"showMaterialUpdate":false,"showSkybox":false,"showFlares":true,"showImageEffects":true,"showParticleSystems":true},"in2DMode":false,"pivot":{"x":117.95999908447266,"y":4.820000171661377,"z":10.0},"rotation":{"x":-0.23411089181900025,"y":0.6777474880218506,"z":-0.23999810218811036,"w":-0.6551777720451355},"size":4.330127239227295,"orthographic":false}