{"cameraMode":{"drawMode":0,"name":"Shaded","section":"Shading Mode"},"sceneLighting":true,"audioPlay":false,"sceneViewState":{"showFog":true,"showMaterialUpdate":false,"showSkybox":true,"showFlares":true,"showImageEffects":true,"showParticleSystems":true},"in2DMode":false,"pivot":{"x":2.1283187866210939,"y":11.7827730178833,"z":-16.068098068237306},"rotation":{"x":0.3239603340625763,"y":-0.4048231244087219,"z":0.15607860684394837,"w":0.8408080339431763},"size":1.0297741889953614,"orthographic":false}