{"cameraMode":{"drawMode":0,"name":"Shaded","section":"Shading Mode"},"sceneLighting":true,"audioPlay":false,"sceneViewState":{"showFog":true,"showMaterialUpdate":false,"showSkybox":true,"showFlares":true,"showImageEffects":true,"showParticleSystems":true},"in2DMode":false,"pivot":{"x":185.1424102783203,"y":6.849395751953125,"z":-38.07769775390625},"rotation":{"x":0.024114061146974565,"y":-0.828673243522644,"z":0.5582898855209351,"w":0.0380978100001812},"size":15.21645450592041,"orthographic":false}